Line,New_Trans_Capacity,Cost_Trans_Capacity
1,0.0003265784878683611,15.00889414545414
2,0.0040822752212024,292.2909058380918
