Status,Solve,Objval
OPTIMAL,27.6440589427948,31835.30109215323
