Line,New_Trans_Capacity,Cost_Trans_Capacity
1,409.99890119339676,1.884272950104613e7
2,914.9985843511507,6.551389863954239e7
