Status,Solve,Objval
OPTIMAL,1.8122990131378174,2.2220046789206e11
