Costs,Total,Zone1,Zone2,Zone3
cTotal,2.7264857745076538e11,1.7442269419503534e11,4.065159676718088e10,5.748953746729037e10
cFix,2.391111170629972e11,1.551101792214627e11,3.42953203323129e10,4.970561750922153e10
cVar,1.8954152813504826e10,6.825689807923644e9,5.9650735678287525e9,6.162993316251798e9
cNSE,1.449887520028249e10,1.248680504265544e10,3.9117458744437087e8,1.6208955701826768e9
cStart,79474.22278140794,20122.993561505707,28279.594855018462,31071.634364883783
cUnmetRsv,0.0,-,-,-
cNetworkExp,8.435289975778143e7,-,-,-
cUnmetPolicyPenalty,0.0,-,-,-
cGridConnection,1.1755206432714555e7,-,-,-
