Costs,Total,Zone1,Zone2,Zone3
cTotal,2.166877632796449e11,1.630052038019971e11,1.8118636277333168e10,3.547863871551887e10
cFix,1.8987915879072018e11,1.444075438242359e11,1.4870569796832184e10,3.0601045169652122e10
cVar,2.877263418422054e9,2.0477969059569635e9,2.347169028012404e8,5.938204322295352e8
cNSE,2.384696145263725e10,1.6549851883849926e10,3.0133428017498546e9,4.2837667670374656e9
cStart,24310.503987768636,11187.95435538837,6775.949890515849,6346.599741864397
cUnmetRsv,0.0,-,-,-
cNetworkExp,8.4355307361476e7,-,-,-
cUnmetPolicyPenalty,0.0,-,-,-
cGridConnection,6.62002221893067e9,-,-,-
