Line,New_Trans_Capacity,Cost_Trans_Capacity
1,409.96968805747906,1.884138692374562e7
2,914.9652630451928,6.551151283403581e7
