Line,New_Trans_Capacity,Cost_Trans_Capacity
1,409.9912995204806,1.8842380143362246e7
2,914.985017012762,6.551292721811376e7
