Status,Solve,Objval
OPTIMAL,14.736670017242432,2.7264857745076538e11
