Status,Solve,Objval
OPTIMAL,12.593289852142334,2.166877632796449e11
