Line,New_Trans_Capacity,Cost_Trans_Capacity
1,0.0014503216476577767,66.6538822830561
2,0.034773375904217016,2489.773714741938
