Status,Solve,Objval
OPTIMAL,28.774756908416748,31835.428628347036
